date,maxtempC,maxtempF,mintempC,mintempF,avgtempC,avgtempF,totalSnow_cm,sunHour,uvIndex,time,tempC,tempF,windspeedMiles,windspeedKmph,winddirDegree,winddir16Point,weatherCode,weatherIconUrl,weatherDesc,precipMM,precipInches,humidity,visibility,visibilityMiles,pressure,pressureInches,cloudcover,HeatIndexC,HeatIndexF,DewPointC,DewPointF,WindChillC,WindChillF,WindGustMiles,WindGustKmph,FeelsLikeC,FeelsLikeF,uvIndex
2019-06-01,27,81,12,54,23,74,0.0,14.5,5,0,14,58,2,3,285,WNW,176,http://cdn.worldweatheronline.net/images/wsymbols01_png_64/wsymbol_0025_light_rain_showers_night.png,Patchy rain possible,0.2,0.0,92,9,5,1025,31,72,14,58,13,55,14,58,3,5,14,58,0
2019-06-01,27,81,12,54,23,74,0.0,14.5,5,300,13,55,1,1,238,WSW,176,http://cdn.worldweatheronline.net/images/wsymbols01_png_64/wsymbol_0025_light_rain_showers_night.png,Patchy rain possible,0.1,0.0,92,10,6,1025,31,36,13,55,11,52,13,55,2,3,13,55,0
2019-06-01,27,81,12,54,23,74,0.0,14.5,5,600,15,59,1,2,176,S,116,http://cdn.worldweatheronline.net/images/wsymbols01_png_64/wsymbol_0004_black_low_cloud.png,Partly cloudy,0.0,0.0,85,10,6,1025,31,13,15,59,12,54,15,59,2,3,15,59,0
2019-06-01,27,81,12,54,23,74,0.0,14.5,5,900,21,70,1,2,140,SE,116,http://cdn.worldweatheronline.net/images/wsymbols01_png_64/wsymbol_0002_sunny_intervals.png,Partly cloudy,0.0,0.0,66,10,6,1024,31,16,22,72,14,57,21,70,1,2,21,70,6
2019-06-01,27,81,12,54,23,74,0.0,14.5,5,1200,26,79,1,1,251,WSW,116,http://cdn.worldweatheronline.net/images/wsymbols01_png_64/wsymbol_0002_sunny_intervals.png,Partly cloudy,0.0,0.0,49,10,6,1023,31,40,27,80,14,58,26,79,1,2,27,80,7
2019-06-01,27,81,12,54,23,74,0.0,14.5,5,1500,26,80,2,3,316,NW,116,http://cdn.worldweatheronline.net/images/wsymbols01_png_64/wsymbol_0002_sunny_intervals.png,Partly cloudy,0.0,0.0,44,10,6,1022,31,48,27,80,13,56,26,80,2,4,27,80,7
2019-06-01,27,81,12,54,23,74,0.0,14.5,5,1800,24,75,2,3,304,NW,116,http://cdn.worldweatheronline.net/images/wsymbols01_png_64/wsymbol_0004_black_low_cloud.png,Partly cloudy,0.0,0.0,55,10,6,1021,31,32,25,78,14,57,24,75,3,5,25,78,0
2019-06-01,27,81,12,54,23,74,0.0,14.5,5,2100,21,69,2,3,116,ESE,116,http://cdn.worldweatheronline.net/images/wsymbols01_png_64/wsymbol_0004_black_low_cloud.png,Partly cloudy,0.0,0.0,71,10,6,1022,31,25,23,73,14,56,21,69,4,6,21,69,0
2019-06-02,28,82,14,57,25,76,0.0,14.5,6,0,16,62,2,3,82,E,116,http://cdn.worldweatheronline.net/images/wsymbols01_png_64/wsymbol_0004_black_low_cloud.png,Partly cloudy,0.0,0.0,82,10,6,1022,31,19,17,63,13,55,16,62,4,6,16,62,0
2019-06-02,28,82,14,57,25,76,0.0,14.5,6,300,14,58,2,3,140,SE,116,http://cdn.worldweatheronline.net/images/wsymbols01_png_64/wsymbol_0004_black_low_cloud.png,Partly cloudy,0.0,0.0,86,10,6,1021,31,12,14,58,12,54,14,58,4,6,14,58,0
2019-06-02,28,82,14,57,25,76,0.0,14.5,6,600,17,63,2,4,146,SE,116,http://cdn.worldweatheronline.net/images/wsymbols01_png_64/wsymbol_0004_black_low_cloud.png,Partly cloudy,0.0,0.0,78,10,6,1021,31,9,17,63,13,55,17,63,4,6,17,63,0
2019-06-02,28,82,14,57,25,76,0.0,14.5,6,900,22,72,4,6,146,SSE,116,http://cdn.worldweatheronline.net/images/wsymbols01_png_64/wsymbol_0002_sunny_intervals.png,Partly cloudy,0.0,0.0,61,10,6,1020,31,6,23,74,14,58,22,72,4,6,23,74,6
2019-06-02,28,82,14,57,25,76,0.0,14.5,6,1200,27,80,4,6,137,SE,116,http://cdn.worldweatheronline.net/images/wsymbols01_png_64/wsymbol_0002_sunny_intervals.png,Partly cloudy,0.0,0.0,47,10,6,1018,31,6,27,81,14,58,27,80,4,7,27,81,7
2019-06-02,28,82,14,57,25,76,0.0,14.5,6,1500,28,82,4,7,128,SE,116,http://cdn.worldweatheronline.net/images/wsymbols01_png_64/wsymbol_0002_sunny_intervals.png,Partly cloudy,0.0,0.0,42,10,6,1017,31,9,28,82,14,56,28,82,5,8,28,82,7
2019-06-02,28,82,14,57,25,76,0.0,14.5,6,1800,25,77,4,6,126,SE,116,http://cdn.worldweatheronline.net/images/wsymbols01_png_64/wsymbol_0004_black_low_cloud.png,Partly cloudy,0.0,0.0,55,10,6,1017,30,11,26,79,15,59,25,77,5,8,26,79,0
2019-06-02,28,82,14,57,25,76,0.0,14.5,6,2100,23,73,3,5,136,SE,116,http://cdn.worldweatheronline.net/images/wsymbols01_png_64/wsymbol_0004_black_low_cloud.png,Partly cloudy,0.0,0.0,72,10,6,1017,31,12,25,77,15,60,23,73,7,11,25,77,0
2019-06-03,29,84,15,59,24,76,0.0,14.5,6,0,18,65,3,5,129,SE,116,http://cdn.worldweatheronline.net/images/wsymbols01_png_64/wsymbol_0004_black_low_cloud.png,Partly cloudy,0.0,0.0,83,10,6,1018,31,7,19,67,14,58,18,65,6,10,18,65,0
2019-06-03,29,84,15,59,24,76,0.0,14.5,6,300,16,60,3,5,128,SE,116,http://cdn.worldweatheronline.net/images/wsymbols01_png_64/wsymbol_0004_black_low_cloud.png,Partly cloudy,0.0,0.0,84,10,6,1017,31,3,16,60,13,55,16,60,6,10,16,60,0
2019-06-03,29,84,15,59,24,76,0.0,14.5,6,600,17,62,5,8,136,SE,116,http://cdn.worldweatheronline.net/images/wsymbols01_png_64/wsymbol_0004_black_low_cloud.png,Partly cloudy,0.0,0.0,74,10,6,1017,31,1,17,62,12,54,17,62,7,11,17,62,0
2019-06-03,29,84,15,59,24,76,0.0,14.5,6,900,22,71,7,11,144,SE,116,http://cdn.worldweatheronline.net/images/wsymbols01_png_64/wsymbol_0002_sunny_intervals.png,Partly cloudy,0.0,0.0,59,10,6,1016,30,0,23,73,13,55,22,71,8,13,22,71,6
2019-06-03,29,84,15,59,24,76,0.0,14.5,6,1200,26,79,7,11,152,SSE,113,http://cdn.worldweatheronline.net/images/wsymbols01_png_64/wsymbol_0001_sunny.png,Sunny,0.0,0.0,43,10,6,1015,30,0,26,79,12,54,26,79,8,13,26,79,7
2019-06-03,29,84,15,59,24,76,0.0,14.5,6,1500,28,83,5,9,164,SSE,113,http://cdn.worldweatheronline.net/images/wsymbols01_png_64/wsymbol_0001_sunny.png,Sunny,0.0,0.0,37,10,6,1014,30,1,28,82,12,54,28,83,6,10,28,82,7
2019-06-03,29,84,15,59,24,76,0.0,14.5,6,1800,26,79,4,6,170,S,116,http://cdn.worldweatheronline.net/images/wsymbols01_png_64/wsymbol_0004_black_low_cloud.png,Partly cloudy,0.0,0.0,50,10,6,1014,30,2,27,80,15,58,26,79,6,9,27,80,0
2019-06-03,29,84,15,59,24,76,0.0,14.5,6,2100,23,73,3,4,202,SSW,116,http://cdn.worldweatheronline.net/images/wsymbols01_png_64/wsymbol_0004_black_low_cloud.png,Partly cloudy,0.0,0.0,61,10,6,1015,30,6,26,78,13,56,23,73,5,9,26,78,0
2019-06-04,29,84,15,59,25,77,0.0,13.6,7,0,19,66,1,2,273,W,116,http://cdn.worldweatheronline.net/images/wsymbols01_png_64/wsymbol_0004_black_low_cloud.png,Partly cloudy,0.1,0.0,76,10,6,1016,30,52,20,68,14,56,19,66,3,5,19,66,0
2019-06-04,29,84,15,59,25,77,0.0,13.6,7,300,16,60,2,3,319,NW,176,http://cdn.worldweatheronline.net/images/wsymbols01_png_64/wsymbol_0025_light_rain_showers_night.png,Patchy rain possible,0.1,0.0,90,10,6,1016,30,82,16,60,14,57,16,61,4,6,16,61,0
2019-06-04,29,84,15,59,25,77,0.0,13.6,7,600,17,63,2,3,148,SSE,176,http://cdn.worldweatheronline.net/images/wsymbols01_png_64/wsymbol_0025_light_rain_showers_night.png,Patchy rain possible,0.1,0.0,87,10,6,1016,30,79,17,63,15,59,17,63,3,4,17,63,0
2019-06-04,29,84,15,59,25,77,0.0,13.6,7,900,23,73,2,4,111,ESE,176,http://cdn.worldweatheronline.net/images/wsymbols01_png_64/wsymbol_0009_light_rain_showers.png,Patchy rain possible,0.0,0.0,65,10,6,1015,30,36,23,74,15,60,23,73,3,4,23,74,5
2019-06-04,29,84,15,59,25,77,0.0,13.6,7,1200,28,82,4,6,143,SE,116,http://cdn.worldweatheronline.net/images/wsymbols01_png_64/wsymbol_0002_sunny_intervals.png,Partly cloudy,0.0,0.0,46,10,6,1013,30,9,28,82,15,59,28,82,4,7,28,82,7
2019-06-04,29,84,15,59,25,77,0.0,13.6,7,1500,28,83,6,9,134,SE,116,http://cdn.worldweatheronline.net/images/wsymbols01_png_64/wsymbol_0002_sunny_intervals.png,Partly cloudy,0.0,0.0,41,10,6,1011,30,5,28,83,14,57,28,83,6,10,28,83,7
2019-06-04,29,84,15,59,25,77,0.0,13.6,7,1800,26,79,5,8,122,ESE,116,http://cdn.worldweatheronline.net/images/wsymbols01_png_64/wsymbol_0004_black_low_cloud.png,Partly cloudy,0.0,0.0,53,10,6,1010,30,3,27,80,15,60,26,79,7,12,27,80,0
2019-06-04,29,84,15,59,25,77,0.0,13.6,7,2100,22,72,4,6,105,ESE,116,http://cdn.worldweatheronline.net/images/wsymbols01_png_64/wsymbol_0004_black_low_cloud.png,Partly cloudy,0.0,0.0,68,10,6,1010,30,1,23,73,16,61,22,72,7,12,23,73,0
2019-06-05,29,85,18,64,27,80,0.0,14.5,7,0,20,67,3,5,99,E,113,http://cdn.worldweatheronline.net/images/wsymbols01_png_64/wsymbol_0008_clear_sky_night.png,Clear,0.0,0.0,79,10,6,1010,30,0,20,67,16,60,20,67,6,10,20,67,0
2019-06-05,29,85,18,64,27,80,0.0,14.5,7,300,18,64,4,6,107,ESE,113,http://cdn.worldweatheronline.net/images/wsymbols01_png_64/wsymbol_0008_clear_sky_night.png,Clear,0.0,0.0,80,10,6,1010,30,0,18,64,14,58,18,64,7,12,18,64,0
2019-06-05,29,85,18,64,27,80,0.0,14.5,7,600,20,68,3,5,114,ESE,113,http://cdn.worldweatheronline.net/images/wsymbols01_png_64/wsymbol_0008_clear_sky_night.png,Clear,0.0,0.0,69,10,6,1010,30,1,22,72,14,58,20,68,5,8,20,68,0
2019-06-05,29,85,18,64,27,80,0.0,14.5,7,900,25,76,4,7,123,ESE,116,http://cdn.worldweatheronline.net/images/wsymbols01_png_64/wsymbol_0002_sunny_intervals.png,Partly cloudy,0.0,0.0,52,10,6,1009,30,4,26,78,14,57,25,76,5,8,26,78,6
2019-06-05,29,85,18,64,27,80,0.0,14.5,7,1200,28,83,6,9,117,ESE,116,http://cdn.worldweatheronline.net/images/wsymbols01_png_64/wsymbol_0002_sunny_intervals.png,Partly cloudy,0.0,0.0,40,10,6,1008,30,8,28,83,13,56,28,83,6,10,28,83,7
2019-06-05,29,85,18,64,27,80,0.0,14.5,7,1500,29,85,7,11,101,E,116,http://cdn.worldweatheronline.net/images/wsymbols01_png_64/wsymbol_0002_sunny_intervals.png,Partly cloudy,0.0,0.0,37,10,6,1006,30,9,29,84,13,56,29,85,8,13,29,84,7
2019-06-05,29,85,18,64,27,80,0.0,14.5,7,1800,26,79,7,12,82,E,116,http://cdn.worldweatheronline.net/images/wsymbols01_png_64/wsymbol_0004_black_low_cloud.png,Partly cloudy,0.0,0.0,52,10,6,1005,30,12,27,80,15,59,26,79,11,18,27,80,0
2019-06-05,29,85,18,64,27,80,0.0,14.5,7,2100,23,74,7,11,88,E,116,http://cdn.worldweatheronline.net/images/wsymbols01_png_64/wsymbol_0004_black_low_cloud.png,Partly cloudy,0.0,0.0,68,10,6,1004,30,6,26,78,15,58,23,74,14,22,26,78,0
2019-06-06,21,70,14,57,19,66,0.0,10.9,5,0,19,66,5,9,98,E,116,http://cdn.worldweatheronline.net/images/wsymbols01_png_64/wsymbol_0004_black_low_cloud.png,Partly cloudy,0.0,0.0,80,10,6,1004,30,2,20,68,14,58,19,66,11,18,19,66,0
2019-06-06,21,70,14,57,19,66,0.0,10.9,5,300,16,61,4,7,147,SSE,116,http://cdn.worldweatheronline.net/images/wsymbols01_png_64/wsymbol_0004_black_low_cloud.png,Partly cloudy,0.7,0.0,89,10,6,1005,30,51,16,61,14,57,16,61,9,15,16,61,0
2019-06-06,21,70,14,57,19,66,0.0,10.9,5,600,17,62,10,15,250,WSW,386,http://cdn.worldweatheronline.net/images/wsymbols01_png_64/wsymbol_0032_thundery_showers_night.png,Patchy light rain with thunder,1.3,0.1,89,10,6,1008,30,86,17,62,15,59,17,62,16,25,17,62,0
2019-06-06,21,70,14,57,19,66,0.0,10.9,5,900,17,63,11,18,291,WNW,353,http://cdn.worldweatheronline.net/images/wsymbols01_png_64/wsymbol_0009_light_rain_showers.png,Light rain shower,0.6,0.0,79,10,6,1010,30,70,17,63,13,56,17,63,16,26,17,63,4
2019-06-06,21,70,14,57,19,66,0.0,10.9,5,1200,20,68,10,17,294,WNW,176,http://cdn.worldweatheronline.net/images/wsymbols01_png_64/wsymbol_0009_light_rain_showers.png,Patchy rain possible,0.1,0.0,61,10,6,1012,30,66,22,71,12,53,20,68,13,20,20,68,4
2019-06-06,21,70,14,57,19,66,0.0,10.9,5,1500,21,70,10,16,298,WNW,176,http://cdn.worldweatheronline.net/images/wsymbols01_png_64/wsymbol_0009_light_rain_showers.png,Patchy rain possible,0.0,0.0,55,10,6,1013,30,40,22,72,12,53,21,70,12,19,21,70,5
2019-06-06,21,70,14,57,19,66,0.0,10.9,5,1800,18,64,10,15,297,WNW,116,http://cdn.worldweatheronline.net/images/wsymbols01_png_64/wsymbol_0004_black_low_cloud.png,Partly cloudy,0.1,0.0,71,10,6,1014,30,65,18,64,12,54,18,64,11,18,18,64,0
2019-06-06,21,70,14,57,19,66,0.0,10.9,5,2100,15,58,6,9,327,NNW,176,http://cdn.worldweatheronline.net/images/wsymbols01_png_64/wsymbol_0025_light_rain_showers_night.png,Patchy rain possible,0.4,0.0,86,7,4,1016,30,70,15,58,12,54,14,58,8,12,14,58,0
2019-06-07,26,79,9,49,21,70,0.0,14.5,5,0,13,55,3,5,299,WNW,263,http://cdn.worldweatheronline.net/images/wsymbols01_png_64/wsymbol_0025_light_rain_showers_night.png,Patchy light drizzle,0.5,0.0,92,8,4,1017,31,80,13,55,12,53,13,55,5,8,13,55,0
2019-06-07,26,79,9,49,21,70,0.0,14.5,5,300,10,51,2,4,311,NW,176,http://cdn.worldweatheronline.net/images/wsymbols01_png_64/wsymbol_0025_light_rain_showers_night.png,Patchy rain possible,0.2,0.0,93,10,6,1017,31,46,10,51,9,49,10,51,4,6,10,51,0
2019-06-07,26,79,9,49,21,70,0.0,14.5,5,600,12,54,3,5,180,S,116,http://cdn.worldweatheronline.net/images/wsymbols01_png_64/wsymbol_0004_black_low_cloud.png,Partly cloudy,0.0,0.0,82,10,6,1016,30,18,12,54,9,49,12,54,4,6,12,54,0
2019-06-07,26,79,9,49,21,70,0.0,14.5,5,900,18,64,5,8,113,ESE,116,http://cdn.worldweatheronline.net/images/wsymbols01_png_64/wsymbol_0002_sunny_intervals.png,Partly cloudy,0.0,0.0,64,10,6,1014,30,9,18,64,11,51,18,64,6,9,18,64,5
2019-06-07,26,79,9,49,21,70,0.0,14.5,5,1200,23,74,8,12,116,ESE,116,http://cdn.worldweatheronline.net/images/wsymbols01_png_64/wsymbol_0002_sunny_intervals.png,Partly cloudy,0.0,0.0,51,10,6,1012,30,8,24,75,13,55,23,74,9,14,24,75,6
2019-06-07,26,79,9,49,21,70,0.0,14.5,5,1500,26,78,8,13,119,ESE,116,http://cdn.worldweatheronline.net/images/wsymbols01_png_64/wsymbol_0002_sunny_intervals.png,Partly cloudy,0.0,0.0,47,10,6,1010,30,6,26,79,14,56,26,78,10,15,26,79,7
2019-06-07,26,79,9,49,21,70,0.0,14.5,5,1800,24,76,7,11,109,ESE,116,http://cdn.worldweatheronline.net/images/wsymbols01_png_64/wsymbol_0004_black_low_cloud.png,Partly cloudy,0.0,0.0,61,10,6,1009,30,3,26,78,16,60,24,76,10,16,26,78,0
2019-06-07,26,79,9,49,21,70,0.0,14.5,5,2100,22,71,11,18,226,SW,116,http://cdn.worldweatheronline.net/images/wsymbols01_png_64/wsymbol_0004_black_low_cloud.png,Partly cloudy,0.5,0.0,81,10,6,1013,30,49,24,75,16,61,22,71,19,31,22,71,0
2019-06-08,21,70,11,53,17,62,0.0,13.6,4,0,15,58,9,15,296,WNW,353,http://cdn.worldweatheronline.net/images/wsymbols01_png_64/wsymbol_0025_light_rain_showers_night.png,Light rain shower,0.9,0.0,81,10,6,1018,31,84,15,60,10,51,14,57,16,26,14,57,0
2019-06-08,21,70,11,53,17,62,0.0,13.6,4,300,11,53,6,10,246,WSW,353,http://cdn.worldweatheronline.net/images/wsymbols01_png_64/wsymbol_0025_light_rain_showers_night.png,Light rain shower,0.3,0.0,76,10,6,1022,31,59,11,53,7,45,10,51,10,16,10,51,0
2019-06-08,21,70,11,53,17,62,0.0,13.6,4,600,12,54,6,10,236,SW,116,http://cdn.worldweatheronline.net/images/wsymbols01_png_64/wsymbol_0004_black_low_cloud.png,Partly cloudy,0.0,0.0,76,10,6,1024,31,62,12,54,8,46,11,52,9,15,11,52,0
2019-06-08,21,70,11,53,17,62,0.0,13.6,4,900,14,57,8,12,245,WSW,119,http://cdn.worldweatheronline.net/images/wsymbols01_png_64/wsymbol_0003_white_cloud.png,Cloudy,0.0,0.0,65,10,6,1025,31,56,14,57,7,45,13,55,9,15,13,55,3
2019-06-08,21,70,11,53,17,62,0.0,13.6,4,1200,18,64,7,12,249,WSW,116,http://cdn.worldweatheronline.net/images/wsymbols01_png_64/wsymbol_0002_sunny_intervals.png,Partly cloudy,0.0,0.0,45,10,6,1025,31,31,18,64,5,41,17,63,8,13,17,63,5
2019-06-08,21,70,11,53,17,62,0.0,13.6,4,1500,20,69,6,9,251,WSW,116,http://cdn.worldweatheronline.net/images/wsymbols01_png_64/wsymbol_0002_sunny_intervals.png,Partly cloudy,0.0,0.0,36,10,6,1024,31,17,20,69,5,40,20,69,6,10,20,69,6
2019-06-08,21,70,11,53,17,62,0.0,13.6,4,1800,19,67,3,5,254,WSW,116,http://cdn.worldweatheronline.net/images/wsymbols01_png_64/wsymbol_0004_black_low_cloud.png,Partly cloudy,0.0,0.0,49,10,6,1025,31,19,19,67,8,46,19,67,4,7,19,67,0
2019-06-08,21,70,11,53,17,62,0.0,13.6,4,2100,17,63,2,3,317,NW,116,http://cdn.worldweatheronline.net/images/wsymbols01_png_64/wsymbol_0004_black_low_cloud.png,Partly cloudy,0.0,0.0,64,10,6,1026,31,38,20,67,8,46,17,63,3,5,17,63,0
2019-06-09,26,78,10,51,22,71,0.0,13.6,6,0,13,55,2,4,145,SE,116,http://cdn.worldweatheronline.net/images/wsymbols01_png_64/wsymbol_0004_black_low_cloud.png,Partly cloudy,0.0,0.0,69,10,6,1027,31,47,14,58,6,43,13,55,5,8,13,55,0
2019-06-09,26,78,10,51,22,71,0.0,13.6,6,300,11,51,3,5,46,NE,116,http://cdn.worldweatheronline.net/images/wsymbols01_png_64/wsymbol_0004_black_low_cloud.png,Partly cloudy,0.0,0.0,69,17,10,1026,31,30,11,51,5,41,10,51,7,12,10,51,0
2019-06-09,26,78,10,51,22,71,0.0,13.6,6,600,14,56,4,7,62,ENE,116,http://cdn.worldweatheronline.net/images/wsymbols01_png_64/wsymbol_0004_black_low_cloud.png,Partly cloudy,0.0,0.0,62,20,12,1025,31,23,14,56,6,43,13,56,7,11,13,56,0
2019-06-09,26,78,10,51,22,71,0.0,13.6,6,900,19,67,7,11,101,E,116,http://cdn.worldweatheronline.net/images/wsymbols01_png_64/wsymbol_0002_sunny_intervals.png,Partly cloudy,0.0,0.0,52,20,12,1023,31,15,21,70,9,48,19,67,8,13,19,67,5
2019-06-09,26,78,10,51,22,71,0.0,13.6,6,1200,24,75,8,13,120,ESE,116,http://cdn.worldweatheronline.net/images/wsymbols01_png_64/wsymbol_0002_sunny_intervals.png,Partly cloudy,0.0,0.0,47,20,12,1021,31,12,25,77,12,53,24,75,9,15,25,77,6
2019-06-09,26,78,10,51,22,71,0.0,13.6,6,1500,26,78,7,12,131,SE,116,http://cdn.worldweatheronline.net/images/wsymbols01_png_64/wsymbol_0002_sunny_intervals.png,Partly cloudy,0.0,0.0,48,18,11,1019,31,28,26,79,14,57,26,78,8,13,26,79,7
2019-06-09,26,78,10,51,22,71,0.0,13.6,6,1800,25,76,6,10,229,SW,116,http://cdn.worldweatheronline.net/images/wsymbols01_png_64/wsymbol_0004_black_low_cloud.png,Partly cloudy,0.4,0.0,69,16,10,1018,31,68,27,81,16,61,25,76,10,15,27,81,0
2019-06-09,26,78,10,51,22,71,0.0,13.6,6,2100,21,70,6,9,294,WNW,353,http://cdn.worldweatheronline.net/images/wsymbols01_png_64/wsymbol_0025_light_rain_showers_night.png,Light rain shower,0.3,0.0,86,17,10,1018,31,86,25,77,16,60,21,70,11,17,21,70,0
2019-06-10,29,84,15,59,24,76,0.0,12.7,5,0,17,62,4,6,328,NNW,263,http://cdn.worldweatheronline.net/images/wsymbols01_png_64/wsymbol_0025_light_rain_showers_night.png,Patchy light drizzle,0.5,0.0,91,15,9,1017,31,81,18,65,14,58,17,62,8,12,17,62,0
2019-06-10,29,84,15,59,24,76,0.0,12.7,5,300,15,59,3,5,323,NW,353,http://cdn.worldweatheronline.net/images/wsymbols01_png_64/wsymbol_0025_light_rain_showers_night.png,Light rain shower,0.2,0.0,93,11,6,1016,30,68,15,59,14,57,15,59,7,11,15,59,0
2019-06-10,29,84,15,59,24,76,0.0,12.7,5,600,16,61,4,6,344,NNW,200,http://cdn.worldweatheronline.net/images/wsymbols01_png_64/wsymbol_0032_thundery_showers_night.png,Thundery outbreaks possible,0.3,0.0,90,10,6,1015,30,75,16,61,15,58,16,61,6,10,16,61,0
2019-06-10,29,84,15,59,24,76,0.0,12.7,5,900,21,70,3,5,131,SE,386,http://cdn.worldweatheronline.net/images/wsymbols01_png_64/wsymbol_0016_thundery_showers.png,Patchy light rain with thunder,0.1,0.0,72,9,5,1013,30,61,22,72,16,60,21,70,4,7,21,70,5
2019-06-10,29,84,15,59,24,76,0.0,12.7,5,1200,27,80,3,4,65,ENE,200,http://cdn.worldweatheronline.net/images/wsymbols01_png_64/wsymbol_0016_thundery_showers.png,Thundery outbreaks possible,0.0,0.0,54,9,5,1012,30,44,28,82,17,62,27,80,3,5,28,82,6
2019-06-10,29,84,15,59,24,76,0.0,12.7,5,1500,29,84,2,4,137,SE,200,http://cdn.worldweatheronline.net/images/wsymbols01_png_64/wsymbol_0016_thundery_showers.png,Thundery outbreaks possible,0.0,0.0,49,10,6,1009,30,27,30,85,17,63,29,84,2,4,30,85,6
2019-06-10,29,84,15,59,24,76,0.0,12.7,5,1800,26,79,4,6,158,SSE,116,http://cdn.worldweatheronline.net/images/wsymbols01_png_64/wsymbol_0004_black_low_cloud.png,Partly cloudy,0.0,0.0,63,10,6,1007,30,21,27,81,18,64,26,79,6,9,27,81,0
2019-06-10,29,84,15,59,24,76,0.0,12.7,5,2100,22,71,8,13,258,WSW,116,http://cdn.worldweatheronline.net/images/wsymbols01_png_64/wsymbol_0004_black_low_cloud.png,Partly cloudy,0.1,0.0,83,10,6,1007,30,61,24,76,17,62,22,71,13,21,22,71,0
2019-06-11,28,82,14,58,21,70,0.0,12.7,5,0,18,64,8,13,298,WNW,386,http://cdn.worldweatheronline.net/images/wsymbols01_png_64/wsymbol_0032_thundery_showers_night.png,Patchy light rain with thunder,0.1,0.0,89,10,6,1009,30,70,19,65,15,59,18,64,12,19,18,64,0
2019-06-11,28,82,14,58,21,70,0.0,12.7,5,300,15,59,7,11,309,NW,119,http://cdn.worldweatheronline.net/images/wsymbols01_png_64/wsymbol_0004_black_low_cloud.png,Cloudy,0.0,0.0,94,5,2,1010,30,79,15,59,14,57,15,58,10,17,15,58,0
2019-06-11,28,82,14,58,21,70,0.0,12.7,5,600,15,59,7,11,310,NW,143,http://cdn.worldweatheronline.net/images/wsymbols01_png_64/wsymbol_0006_mist.png,Mist,0.0,0.0,92,7,4,1011,30,95,15,59,14,56,14,58,10,16,14,58,0
2019-06-11,28,82,14,58,21,70,0.0,12.7,5,900,17,63,6,9,335,NNW,122,http://cdn.worldweatheronline.net/images/wsymbols01_png_64/wsymbol_0004_black_low_cloud.png,Overcast,0.0,0.0,80,10,6,1011,30,98,17,63,14,57,17,63,7,11,17,63,4
2019-06-11,28,82,14,58,21,70,0.0,12.7,5,1200,22,72,4,7,158,SSE,122,http://cdn.worldweatheronline.net/images/wsymbols01_png_64/wsymbol_0004_black_low_cloud.png,Overcast,0.0,0.0,65,10,6,1009,30,47,23,73,15,59,22,72,5,8,23,73,5
2019-06-11,28,82,14,58,21,70,0.0,12.7,5,1500,26,80,5,8,99,E,116,http://cdn.worldweatheronline.net/images/wsymbols01_png_64/wsymbol_0002_sunny_intervals.png,Partly cloudy,0.0,0.0,54,17,10,1007,30,13,27,81,16,61,26,80,6,9,27,81,7
2019-06-11,28,82,14,58,21,70,0.0,12.7,5,1800,27,80,3,4,196,SSW,116,http://cdn.worldweatheronline.net/images/wsymbols01_png_64/wsymbol_0004_black_low_cloud.png,Partly cloudy,0.0,0.0,64,19,11,1006,30,6,28,82,19,66,27,80,3,5,28,82,0
2019-06-11,28,82,14,58,21,70,0.0,12.7,5,2100,25,76,2,3,182,S,116,http://cdn.worldweatheronline.net/images/wsymbols01_png_64/wsymbol_0004_black_low_cloud.png,Partly cloudy,0.0,0.0,83,17,10,1006,30,5,27,80,19,65,25,76,3,5,27,80,0
2019-06-12,23,73,13,56,21,69,0.0,12.7,6,0,19,66,3,5,198,SSW,116,http://cdn.worldweatheronline.net/images/wsymbols01_png_64/wsymbol_0004_black_low_cloud.png,Partly cloudy,0.0,0.0,93,15,9,1007,30,33,19,67,16,61,19,66,6,10,19,66,0
2019-06-12,23,73,13,56,21,69,0.0,12.7,6,300,16,61,2,3,120,ESE,143,http://cdn.worldweatheronline.net/images/wsymbols01_png_64/wsymbol_0006_mist.png,Mist,0.0,0.0,96,18,11,1007,30,73,16,61,16,60,16,61,3,5,16,61,0
2019-06-12,23,73,13,56,21,69,0.0,12.7,6,600,18,64,3,5,98,E,119,http://cdn.worldweatheronline.net/images/wsymbols01_png_64/wsymbol_0004_black_low_cloud.png,Cloudy,0.0,0.0,88,20,12,1007,30,60,18,64,16,60,18,64,4,7,18,64,0
2019-06-12,23,73,13,56,21,69,0.0,12.7,6,900,21,70,8,12,166,SSE,116,http://cdn.worldweatheronline.net/images/wsymbols01_png_64/wsymbol_0002_sunny_intervals.png,Partly cloudy,0.0,0.0,69,20,12,1006,30,22,23,73,15,59,21,70,9,15,21,70,6
2019-06-12,23,73,13,56,21,69,0.0,12.7,6,1200,21,70,14,22,259,WSW,116,http://cdn.worldweatheronline.net/images/wsymbols01_png_64/wsymbol_0002_sunny_intervals.png,Partly cloudy,0.0,0.0,67,20,12,1008,30,51,22,71,15,58,21,70,16,26,21,70,6
2019-06-12,23,73,13,56,21,69,0.0,12.7,6,1500,21,69,13,21,295,WNW,119,http://cdn.worldweatheronline.net/images/wsymbols01_png_64/wsymbol_0003_white_cloud.png,Cloudy,0.1,0.0,64,18,10,1010,30,76,21,69,14,56,21,69,15,24,21,69,5
2019-06-12,23,73,13,56,21,69,0.0,12.7,6,1800,19,65,9,14,290,WNW,176,http://cdn.worldweatheronline.net/images/wsymbols01_png_64/wsymbol_0025_light_rain_showers_night.png,Patchy rain possible,0.3,0.0,70,15,9,1012,30,76,19,65,13,55,19,65,10,17,19,65,0
2019-06-12,23,73,13,56,21,69,0.0,12.7,6,2100,15,58,5,8,290,WNW,176,http://cdn.worldweatheronline.net/images/wsymbols01_png_64/wsymbol_0025_light_rain_showers_night.png,Patchy rain possible,0.1,0.0,84,14,8,1014,30,48,15,58,12,54,15,58,8,12,15,58,0
2019-06-13,27,80,14,57,23,73,0.0,14.5,6,0,14,57,4,6,309,NW,116,http://cdn.worldweatheronline.net/images/wsymbols01_png_64/wsymbol_0004_black_low_cloud.png,Partly cloudy,0.0,0.0,83,15,9,1015,30,43,14,57,11,52,14,57,7,11,14,57,0
2019-06-13,27,80,14,57,23,73,0.0,14.5,6,300,14,57,3,5,316,NW,116,http://cdn.worldweatheronline.net/images/wsymbols01_png_64/wsymbol_0004_black_low_cloud.png,Partly cloudy,0.0,0.0,81,18,11,1016,30,36,14,57,11,51,14,58,5,8,14,58,0
2019-06-13,27,80,14,57,23,73,0.0,14.5,6,600,15,60,3,5,332,NNW,116,http://cdn.worldweatheronline.net/images/wsymbols01_png_64/wsymbol_0004_black_low_cloud.png,Partly cloudy,0.0,0.0,75,20,12,1016,30,19,15,60,11,52,16,60,4,7,16,60,0
2019-06-13,27,80,14,57,23,73,0.0,14.5,6,900,20,68,4,6,146,SSE,116,http://cdn.worldweatheronline.net/images/wsymbols01_png_64/wsymbol_0002_sunny_intervals.png,Partly cloudy,0.0,0.0,52,20,12,1016,30,23,21,71,9,48,20,68,5,8,20,68,5
2019-06-13,27,80,14,57,23,73,0.0,14.5,6,1200,24,75,4,6,108,ESE,116,http://cdn.worldweatheronline.net/images/wsymbols01_png_64/wsymbol_0002_sunny_intervals.png,Partly cloudy,0.0,0.0,42,20,12,1015,30,39,25,77,11,51,24,75,5,8,25,77,6
2019-06-13,27,80,14,57,23,73,0.0,14.5,6,1500,26,80,2,3,144,SE,116,http://cdn.worldweatheronline.net/images/wsymbols01_png_64/wsymbol_0002_sunny_intervals.png,Partly cloudy,0.0,0.0,43,19,11,1014,30,33,27,80,13,55,26,80,2,4,27,80,7
2019-06-13,27,80,14,57,23,73,0.0,14.5,6,1800,24,76,2,3,240,WSW,116,http://cdn.worldweatheronline.net/images/wsymbols01_png_64/wsymbol_0004_black_low_cloud.png,Partly cloudy,0.0,0.0,55,20,12,1015,30,29,26,78,14,58,24,76,3,4,26,78,0
2019-06-13,27,80,14,57,23,73,0.0,14.5,6,2100,21,70,3,4,323,NW,200,http://cdn.worldweatheronline.net/images/wsymbols01_png_64/wsymbol_0032_thundery_showers_night.png,Thundery outbreaks possible,0.0,0.0,71,20,12,1017,31,19,24,74,14,57,21,70,5,8,21,70,0
2019-06-14,30,86,14,58,25,78,0.0,14.5,7,0,18,64,3,5,149,SSE,116,http://cdn.worldweatheronline.net/images/wsymbols01_png_64/wsymbol_0004_black_low_cloud.png,Partly cloudy,0.0,0.0,84,20,12,1018,31,10,19,65,14,57,18,64,6,10,18,64,0
2019-06-14,30,86,14,58,25,78,0.0,14.5,7,300,15,59,3,5,37,NE,116,http://cdn.worldweatheronline.net/images/wsymbols01_png_64/wsymbol_0004_black_low_cloud.png,Partly cloudy,0.0,0.0,89,20,12,1018,31,6,15,59,13,56,15,59,6,10,15,59,0
2019-06-14,30,86,14,58,25,78,0.0,14.5,7,600,17,63,4,7,79,ENE,116,http://cdn.worldweatheronline.net/images/wsymbols01_png_64/wsymbol_0004_black_low_cloud.png,Partly cloudy,0.0,0.0,83,20,12,1018,31,5,17,63,14,58,17,63,7,11,17,63,0
2019-06-14,30,86,14,58,25,78,0.0,14.5,7,900,23,73,9,14,107,ESE,116,http://cdn.worldweatheronline.net/images/wsymbols01_png_64/wsymbol_0002_sunny_intervals.png,Partly cloudy,0.0,0.0,66,20,12,1017,31,9,24,74,16,61,23,73,10,16,24,74,6
2019-06-14,30,86,14,58,25,78,0.0,14.5,7,1200,27,81,9,15,114,ESE,116,http://cdn.worldweatheronline.net/images/wsymbols01_png_64/wsymbol_0002_sunny_intervals.png,Partly cloudy,0.0,0.0,52,20,12,1016,30,7,28,82,16,61,27,81,11,17,28,82,7
2019-06-14,30,86,14,58,25,78,0.0,14.5,7,1500,29,85,8,13,115,ESE,116,http://cdn.worldweatheronline.net/images/wsymbols01_png_64/wsymbol_0002_sunny_intervals.png,Partly cloudy,0.0,0.0,48,20,12,1014,30,4,30,86,17,63,29,85,9,15,30,86,7
2019-06-14,30,86,14,58,25,78,0.0,14.5,7,1800,28,82,6,10,90,E,116,http://cdn.worldweatheronline.net/images/wsymbols01_png_64/wsymbol_0004_black_low_cloud.png,Partly cloudy,0.0,0.0,61,20,12,1012,30,6,29,85,19,67,28,82,9,15,29,85,0
2019-06-14,30,86,14,58,25,78,0.0,14.5,7,2100,24,74,8,13,106,ESE,116,http://cdn.worldweatheronline.net/images/wsymbols01_png_64/wsymbol_0004_black_low_cloud.png,Partly cloudy,0.0,0.0,72,20,12,1010,30,15,26,78,18,65,24,74,16,25,26,78,0
2019-06-15,24,76,18,65,23,74,0.0,14.5,6,0,21,71,9,15,135,SE,116,http://cdn.worldweatheronline.net/images/wsymbols01_png_64/wsymbol_0004_black_low_cloud.png,Partly cloudy,0.0,0.0,69,20,12,1009,30,28,22,72,15,60,21,71,18,29,21,71,0
2019-06-15,24,76,18,65,23,74,0.0,14.5,6,300,20,67,5,8,160,SSE,116,http://cdn.worldweatheronline.net/images/wsymbols01_png_64/wsymbol_0004_black_low_cloud.png,Partly cloudy,0.0,0.0,74,20,12,1009,30,37,20,67,15,58,20,67,10,16,20,67,0
2019-06-15,24,76,18,65,23,74,0.0,14.5,6,600,20,68,5,9,220,SW,116,http://cdn.worldweatheronline.net/images/wsymbols01_png_64/wsymbol_0004_black_low_cloud.png,Partly cloudy,0.0,0.0,73,20,12,1011,30,22,20,68,15,59,20,68,8,13,20,68,0
2019-06-15,24,76,18,65,23,74,0.0,14.5,6,900,23,73,9,15,273,W,116,http://cdn.worldweatheronline.net/images/wsymbols01_png_64/wsymbol_0002_sunny_intervals.png,Partly cloudy,0.0,0.0,59,20,12,1013,30,8,24,75,15,58,23,73,11,18,24,75,6
2019-06-15,24,76,18,65,23,74,0.0,14.5,6,1200,24,76,11,17,285,WNW,116,http://cdn.worldweatheronline.net/images/wsymbols01_png_64/wsymbol_0002_sunny_intervals.png,Partly cloudy,0.0,0.0,53,20,12,1014,30,18,25,78,14,57,24,76,12,20,25,78,6
2019-06-15,24,76,18,65,23,74,0.0,14.5,6,1500,24,75,9,14,289,WNW,116,http://cdn.worldweatheronline.net/images/wsymbols01_png_64/wsymbol_0002_sunny_intervals.png,Partly cloudy,0.1,0.0,54,20,12,1015,30,42,25,78,14,57,24,75,10,16,25,78,6
2019-06-15,24,76,18,65,23,74,0.0,14.5,6,1800,22,71,6,10,300,WNW,176,http://cdn.worldweatheronline.net/images/wsymbols01_png_64/wsymbol_0025_light_rain_showers_night.png,Patchy rain possible,0.0,0.0,64,20,12,1015,30,57,22,72,15,59,22,71,9,14,22,71,0
2019-06-15,24,76,18,65,23,74,0.0,14.5,6,2100,19,67,5,8,309,NW,116,http://cdn.worldweatheronline.net/images/wsymbols01_png_64/wsymbol_0004_black_low_cloud.png,Partly cloudy,0.2,0.0,76,20,12,1016,30,72,19,67,15,59,19,67,8,12,19,67,0
2019-06-16,20,69,14,58,18,64,0.0,11.8,4,0,17,62,4,7,327,NNW,176,http://cdn.worldweatheronline.net/images/wsymbols01_png_64/wsymbol_0025_light_rain_showers_night.png,Patchy rain possible,0.3,0.0,82,17,10,1017,31,64,17,62,14,57,17,62,8,12,17,62,0
2019-06-16,20,69,14,58,18,64,0.0,11.8,4,300,15,60,6,9,306,NW,353,http://cdn.worldweatheronline.net/images/wsymbols01_png_64/wsymbol_0025_light_rain_showers_night.png,Light rain shower,1.8,0.1,91,11,6,1018,31,86,15,60,14,57,15,60,10,15,15,60,0
2019-06-16,20,69,14,58,18,64,0.0,11.8,4,600,15,59,8,13,321,NW,356,http://cdn.worldweatheronline.net/images/wsymbols01_png_64/wsymbol_0026_heavy_rain_showers_night.png,Moderate or heavy rain shower,0.8,0.0,94,11,6,1019,31,92,15,59,14,57,15,58,15,24,15,58,0
2019-06-16,20,69,14,58,18,64,0.0,11.8,4,900,15,59,8,12,113,ESE,122,http://cdn.worldweatheronline.net/images/wsymbols01_png_64/wsymbol_0004_black_low_cloud.png,Overcast,2.3,0.1,86,14,8,1021,31,73,15,59,13,55,15,59,13,20,15,59,4
2019-06-16,20,69,14,58,18,64,0.0,11.8,4,1200,19,66,6,9,24,NNE,299,http://cdn.worldweatheronline.net/images/wsymbols01_png_64/wsymbol_0010_heavy_rain_showers.png,Moderate rain at times,1.2,0.0,66,14,8,1022,31,63,19,66,12,54,19,66,8,12,19,66,4
2019-06-16,20,69,14,58,18,64,0.0,11.8,4,1500,20,69,6,9,45,NE,116,http://cdn.worldweatheronline.net/images/wsymbols01_png_64/wsymbol_0002_sunny_intervals.png,Partly cloudy,0.0,0.0,59,15,9,1022,31,60,20,69,12,54,20,69,7,12,20,69,6
2019-06-16,20,69,14,58,18,64,0.0,11.8,4,1800,19,66,5,9,51,NE,116,http://cdn.worldweatheronline.net/images/wsymbols01_png_64/wsymbol_0004_black_low_cloud.png,Partly cloudy,0.0,0.0,67,15,9,1022,31,33,19,66,13,55,19,66,7,11,19,66,0
2019-06-16,20,69,14,58,18,64,0.0,11.8,4,2100,16,60,4,6,26,NNE,116,http://cdn.worldweatheronline.net/images/wsymbols01_png_64/wsymbol_0004_black_low_cloud.png,Partly cloudy,0.0,0.0,76,15,9,1023,31,25,16,60,11,53,16,60,7,11,16,60,0
2019-06-17,25,77,12,53,22,71,0.0,14.5,6,0,13,55,4,6,27,NNE,116,http://cdn.worldweatheronline.net/images/wsymbols01_png_64/wsymbol_0004_black_low_cloud.png,Partly cloudy,0.0,0.0,81,16,9,1023,31,21,13,55,10,49,13,55,7,12,13,55,0
2019-06-17,25,77,12,53,22,71,0.0,14.5,6,300,12,53,2,4,20,NNE,116,http://cdn.worldweatheronline.net/images/wsymbols01_png_64/wsymbol_0004_black_low_cloud.png,Partly cloudy,0.0,0.0,90,19,11,1023,31,30,12,53,10,51,12,54,5,9,12,54,0
2019-06-17,25,77,12,53,22,71,0.0,14.5,6,600,15,58,3,4,66,ENE,116,http://cdn.worldweatheronline.net/images/wsymbols01_png_64/wsymbol_0004_black_low_cloud.png,Partly cloudy,0.0,0.0,85,20,12,1023,31,22,15,58,12,53,15,58,4,6,15,58,0
2019-06-17,25,77,12,53,22,71,0.0,14.5,6,900,19,67,4,7,103,ESE,116,http://cdn.worldweatheronline.net/images/wsymbols01_png_64/wsymbol_0002_sunny_intervals.png,Partly cloudy,0.0,0.0,65,20,12,1021,31,16,22,71,12,54,19,67,5,8,19,67,5
2019-06-17,25,77,12,53,22,71,0.0,14.5,6,1200,24,74,5,8,100,E,116,http://cdn.worldweatheronline.net/images/wsymbols01_png_64/wsymbol_0002_sunny_intervals.png,Partly cloudy,0.0,0.0,51,20,12,1020,31,21,25,77,13,55,24,74,6,9,25,77,6
2019-06-17,25,77,12,53,22,71,0.0,14.5,6,1500,25,77,6,10,86,E,116,http://cdn.worldweatheronline.net/images/wsymbols01_png_64/wsymbol_0002_sunny_intervals.png,Partly cloudy,0.0,0.0,48,20,12,1018,31,38,26,78,13,56,25,77,7,12,26,78,7
2019-06-17,25,77,12,53,22,71,0.0,14.5,6,1800,23,73,6,10,75,ENE,116,http://cdn.worldweatheronline.net/images/wsymbols01_png_64/wsymbol_0004_black_low_cloud.png,Partly cloudy,0.0,0.0,64,20,12,1018,31,37,25,77,15,59,23,73,10,16,25,77,0
2019-06-17,25,77,12,53,22,71,0.0,14.5,6,2100,18,65,5,9,66,ENE,116,http://cdn.worldweatheronline.net/images/wsymbols01_png_64/wsymbol_0004_black_low_cloud.png,Partly cloudy,0.0,0.0,78,20,12,1018,31,22,20,67,15,58,18,65,10,17,18,65,0
2019-06-18,28,82,14,58,24,75,0.0,14.5,6,0,16,60,4,7,52,NE,116,http://cdn.worldweatheronline.net/images/wsymbols01_png_64/wsymbol_0004_black_low_cloud.png,Partly cloudy,0.0,0.0,86,20,12,1019,31,11,16,60,13,56,16,60,9,14,16,60,0
2019-06-18,28,82,14,58,24,75,0.0,14.5,6,300,15,58,3,5,35,NE,116,http://cdn.worldweatheronline.net/images/wsymbols01_png_64/wsymbol_0004_black_low_cloud.png,Partly cloudy,0.0,0.0,90,20,12,1018,31,10,15,58,13,55,15,59,6,10,15,59,0
2019-06-18,28,82,14,58,24,75,0.0,14.5,6,600,17,63,2,4,46,NE,116,http://cdn.worldweatheronline.net/images/wsymbols01_png_64/wsymbol_0004_black_low_cloud.png,Partly cloudy,0.0,0.0,81,20,12,1018,31,11,17,63,14,57,17,63,4,6,17,63,0
2019-06-18,28,82,14,58,24,75,0.0,14.5,6,900,21,70,6,9,100,E,116,http://cdn.worldweatheronline.net/images/wsymbols01_png_64/wsymbol_0002_sunny_intervals.png,Partly cloudy,0.0,0.0,63,17,10,1017,31,15,23,73,14,57,21,70,6,10,21,70,6
2019-06-18,28,82,14,58,24,75,0.0,14.5,6,1200,25,76,6,10,133,SE,116,http://cdn.worldweatheronline.net/images/wsymbols01_png_64/wsymbol_0002_sunny_intervals.png,Partly cloudy,0.0,0.0,53,15,9,1015,30,10,26,78,15,58,25,76,7,12,26,78,6
2019-06-18,28,82,14,58,24,75,0.0,14.5,6,1500,27,81,4,7,131,SE,116,http://cdn.worldweatheronline.net/images/wsymbols01_png_64/wsymbol_0002_sunny_intervals.png,Partly cloudy,0.0,0.0,46,17,10,1014,30,6,27,81,14,58,27,81,5,8,27,81,7
2019-06-18,28,82,14,58,24,75,0.0,14.5,6,1800,26,78,2,4,85,E,116,http://cdn.worldweatheronline.net/images/wsymbols01_png_64/wsymbol_0004_black_low_cloud.png,Partly cloudy,0.0,0.0,55,18,10,1013,30,6,27,80,16,60,26,78,3,5,27,80,0
2019-06-18,28,82,14,58,24,75,0.0,14.5,6,2100,22,72,1,2,85,E,116,http://cdn.worldweatheronline.net/images/wsymbols01_png_64/wsymbol_0004_black_low_cloud.png,Partly cloudy,0.0,0.0,74,18,11,1014,30,5,24,75,16,61,22,72,2,3,24,75,0
2019-06-19,29,84,16,61,25,77,0.0,13.6,6,0,18,64,2,3,127,SE,116,http://cdn.worldweatheronline.net/images/wsymbols01_png_64/wsymbol_0004_black_low_cloud.png,Partly cloudy,0.0,0.0,83,19,11,1014,30,12,19,66,14,58,18,64,4,6,18,64,0
2019-06-19,29,84,16,61,25,77,0.0,13.6,6,300,16,61,2,4,164,SSE,116,http://cdn.worldweatheronline.net/images/wsymbols01_png_64/wsymbol_0004_black_low_cloud.png,Partly cloudy,0.1,0.0,86,12,7,1014,30,62,16,61,14,57,16,61,4,7,16,61,0
2019-06-19,29,84,16,61,25,77,0.0,13.6,6,600,18,64,4,6,160,SSE,176,http://cdn.worldweatheronline.net/images/wsymbols01_png_64/wsymbol_0025_light_rain_showers_night.png,Patchy rain possible,0.1,0.0,83,10,6,1013,30,51,18,64,15,58,18,64,6,10,18,64,0
2019-06-19,29,84,16,61,25,77,0.0,13.6,6,900,22,72,4,6,171,S,116,http://cdn.worldweatheronline.net/images/wsymbols01_png_64/wsymbol_0002_sunny_intervals.png,Partly cloudy,0.1,0.0,63,9,5,1012,30,67,23,73,14,58,22,72,5,8,23,73,6
2019-06-19,29,84,16,61,25,77,0.0,13.6,6,1200,27,80,4,6,182,S,176,http://cdn.worldweatheronline.net/images/wsymbols01_png_64/wsymbol_0009_light_rain_showers.png,Patchy rain possible,0.1,0.0,43,10,6,1012,30,34,27,81,13,55,27,80,5,8,27,81,6
2019-06-19,29,84,16,61,25,77,0.0,13.6,6,1500,29,84,5,8,202,SSW,116,http://cdn.worldweatheronline.net/images/wsymbols01_png_64/wsymbol_0002_sunny_intervals.png,Partly cloudy,0.0,0.0,37,10,6,1011,30,9,28,83,13,55,29,84,5,9,28,83,7
2019-06-19,29,84,16,61,25,77,0.0,13.6,6,1800,26,79,4,7,189,S,116,http://cdn.worldweatheronline.net/images/wsymbols01_png_64/wsymbol_0004_black_low_cloud.png,Partly cloudy,0.0,0.0,52,10,6,1010,30,8,27,80,15,60,26,79,6,10,27,80,0
2019-06-19,29,84,16,61,25,77,0.0,13.6,6,2100,24,75,3,5,179,S,116,http://cdn.worldweatheronline.net/images/wsymbols01_png_64/wsymbol_0004_black_low_cloud.png,Partly cloudy,0.1,0.0,68,10,6,1011,30,58,25,78,15,60,24,75,6,9,25,78,0
2019-06-20,25,77,15,59,20,69,0.0,13.6,5,0,19,65,3,5,149,SSE,176,http://cdn.worldweatheronline.net/images/wsymbols01_png_64/wsymbol_0025_light_rain_showers_night.png,Patchy rain possible,0.0,0.0,79,10,6,1012,30,37,19,66,14,57,19,65,6,10,19,65,0
2019-06-20,25,77,15,59,20,69,0.0,13.6,5,300,16,60,3,5,266,W,116,http://cdn.worldweatheronline.net/images/wsymbols01_png_64/wsymbol_0004_black_low_cloud.png,Partly cloudy,0.7,0.0,87,10,6,1012,30,54,16,60,14,56,16,60,7,12,16,60,0
2019-06-20,25,77,15,59,20,69,0.0,13.6,5,600,17,63,3,5,262,W,353,http://cdn.worldweatheronline.net/images/wsymbols01_png_64/wsymbol_0025_light_rain_showers_night.png,Light rain shower,0.3,0.0,85,10,6,1013,30,61,17,63,15,59,17,63,5,8,17,63,0
2019-06-20,25,77,15,59,20,69,0.0,13.6,5,900,20,68,4,6,267,W,116,http://cdn.worldweatheronline.net/images/wsymbols01_png_64/wsymbol_0002_sunny_intervals.png,Partly cloudy,0.0,0.0,73,10,6,1013,30,49,20,68,15,59,20,68,5,9,20,68,6
2019-06-20,25,77,15,59,20,69,0.0,13.6,5,1200,24,74,6,10,298,WNW,116,http://cdn.worldweatheronline.net/images/wsymbols01_png_64/wsymbol_0002_sunny_intervals.png,Partly cloudy,0.0,0.0,59,9,5,1013,30,46,24,76,15,59,24,74,8,12,24,76,6
2019-06-20,25,77,15,59,20,69,0.0,13.6,5,1500,20,68,7,11,285,WNW,200,http://cdn.worldweatheronline.net/images/wsymbols01_png_64/wsymbol_0016_thundery_showers.png,Thundery outbreaks possible,1.9,0.1,77,8,5,1014,30,57,20,68,15,60,20,68,9,15,20,68,4
2019-06-20,25,77,15,59,20,69,0.0,13.6,5,1800,16,61,5,8,271,W,299,http://cdn.worldweatheronline.net/images/wsymbols01_png_64/wsymbol_0026_heavy_rain_showers_night.png,Moderate rain at times,0.9,0.0,86,9,5,1014,30,39,19,65,15,59,16,61,7,11,16,61,0
2019-06-20,25,77,15,59,20,69,0.0,13.6,5,2100,15,59,3,4,224,SW,116,http://cdn.worldweatheronline.net/images/wsymbols01_png_64/wsymbol_0004_black_low_cloud.png,Partly cloudy,0.0,0.0,90,10,6,1015,30,22,17,62,14,58,15,59,5,8,15,59,0
2019-06-21,26,79,14,57,24,75,0.0,12.7,6,0,15,58,2,4,188,S,116,http://cdn.worldweatheronline.net/images/wsymbols01_png_64/wsymbol_0004_black_low_cloud.png,Partly cloudy,0.0,0.0,94,10,6,1016,30,34,15,58,14,56,15,59,4,7,15,59,0
2019-06-21,26,79,14,57,24,75,0.0,12.7,6,300,14,57,2,3,229,SW,116,http://cdn.worldweatheronline.net/images/wsymbols01_png_64/wsymbol_0004_black_low_cloud.png,Partly cloudy,0.0,0.0,93,10,6,1017,31,44,14,57,13,55,14,57,3,5,14,57,0
2019-06-21,26,79,14,57,24,75,0.0,12.7,6,600,17,62,1,2,89,E,116,http://cdn.worldweatheronline.net/images/wsymbols01_png_64/wsymbol_0004_black_low_cloud.png,Partly cloudy,0.0,0.0,81,10,6,1017,31,45,17,62,13,56,17,62,2,3,17,62,0
2019-06-21,26,79,14,57,24,75,0.0,12.7,6,900,22,71,1,1,152,SSE,116,http://cdn.worldweatheronline.net/images/wsymbols01_png_64/wsymbol_0002_sunny_intervals.png,Partly cloudy,0.1,0.0,63,9,5,1018,31,72,23,73,14,58,22,71,1,2,22,71,6
2019-06-21,26,79,14,57,24,75,0.0,12.7,6,1200,25,78,3,5,291,WNW,176,http://cdn.worldweatheronline.net/images/wsymbols01_png_64/wsymbol_0009_light_rain_showers.png,Patchy rain possible,0.4,0.0,49,9,5,1017,31,83,26,79,14,57,25,78,4,6,26,79,6
2019-06-21,26,79,14,57,24,75,0.0,12.7,6,1500,26,79,4,7,321,NW,176,http://cdn.worldweatheronline.net/images/wsymbols01_png_64/wsymbol_0009_light_rain_showers.png,Patchy rain possible,0.2,0.0,42,10,6,1017,31,43,26,80,12,54,26,79,5,8,26,80,6
2019-06-21,26,79,14,57,24,75,0.0,12.7,6,1800,24,74,4,7,339,NNW,116,http://cdn.worldweatheronline.net/images/wsymbols01_png_64/wsymbol_0004_black_low_cloud.png,Partly cloudy,0.0,0.0,54,10,6,1017,31,23,25,77,14,56,24,74,6,10,25,77,0
2019-06-21,26,79,14,57,24,75,0.0,12.7,6,2100,20,67,6,9,141,SE,116,http://cdn.worldweatheronline.net/images/wsymbols01_png_64/wsymbol_0004_black_low_cloud.png,Partly cloudy,0.1,0.0,68,10,6,1019,31,65,21,69,14,57,20,67,10,16,20,67,0
2019-06-22,23,73,14,57,19,67,0.0,11.0,4,0,16,61,6,9,56,NE,176,http://cdn.worldweatheronline.net/images/wsymbols01_png_64/wsymbol_0025_light_rain_showers_night.png,Patchy rain possible,0.5,0.0,85,9,5,1019,31,81,16,61,14,56,16,61,11,17,16,61,0
2019-06-22,23,73,14,57,19,67,0.0,11.0,4,300,14,58,4,6,71,ENE,176,http://cdn.worldweatheronline.net/images/wsymbols01_png_64/wsymbol_0025_light_rain_showers_night.png,Patchy rain possible,0.2,0.0,92,10,6,1019,31,57,14,58,13,55,14,58,8,13,14,58,0
2019-06-22,23,73,14,57,19,67,0.0,11.0,4,600,16,61,5,8,56,NE,116,http://cdn.worldweatheronline.net/images/wsymbols01_png_64/wsymbol_0004_black_low_cloud.png,Partly cloudy,0.0,0.0,83,10,6,1018,31,50,16,61,13,56,16,61,7,12,16,61,0
2019-06-22,23,73,14,57,19,67,0.0,11.0,4,900,19,66,8,12,77,ENE,116,http://cdn.worldweatheronline.net/images/wsymbols01_png_64/wsymbol_0002_sunny_intervals.png,Partly cloudy,1.2,0.0,80,10,6,1017,31,68,19,66,15,59,19,66,11,18,19,66,5
2019-06-22,23,73,14,57,19,67,0.0,11.0,4,1200,18,65,11,17,69,ENE,353,http://cdn.worldweatheronline.net/images/wsymbols01_png_64/wsymbol_0009_light_rain_showers.png,Light rain shower,2.8,0.1,82,8,4,1016,30,78,18,65,15,59,18,65,17,27,18,65,4
2019-06-22,23,73,14,57,19,67,0.0,11.0,4,1500,21,70,13,20,56,NE,356,http://cdn.worldweatheronline.net/images/wsymbols01_png_64/wsymbol_0010_heavy_rain_showers.png,Moderate or heavy rain shower,1.1,0.0,70,9,5,1015,30,69,22,72,15,59,21,70,16,26,21,70,5
2019-06-22,23,73,14,57,19,67,0.0,11.0,4,1800,21,69,11,18,46,NE,119,http://cdn.worldweatheronline.net/images/wsymbols01_png_64/wsymbol_0004_black_low_cloud.png,Cloudy,2.0,0.1,75,8,4,1015,30,71,21,70,16,60,21,69,16,25,21,69,0
2019-06-22,23,73,14,57,19,67,0.0,11.0,4,2100,18,64,8,13,47,NE,356,http://cdn.worldweatheronline.net/images/wsymbols01_png_64/wsymbol_0026_heavy_rain_showers_night.png,Moderate or heavy rain shower,2.9,0.1,88,7,4,1016,30,62,18,64,16,60,18,64,15,23,18,64,0
2019-06-23,23,74,15,59,19,66,0.0,10.1,4,0,16,61,6,10,49,NE,356,http://cdn.worldweatheronline.net/images/wsymbols01_png_64/wsymbol_0026_heavy_rain_showers_night.png,Moderate or heavy rain shower,5.0,0.2,94,7,4,1017,30,68,16,61,15,60,16,61,11,18,16,61,0
2019-06-23,23,74,15,59,19,66,0.0,10.1,4,300,16,60,4,7,31,NNE,356,http://cdn.worldweatheronline.net/images/wsymbols01_png_64/wsymbol_0026_heavy_rain_showers_night.png,Moderate or heavy rain shower,2.2,0.1,94,8,5,1017,31,84,16,60,15,58,16,60,8,12,16,60,0
2019-06-23,23,74,15,59,19,66,0.0,10.1,4,600,15,59,5,8,28,NNE,176,http://cdn.worldweatheronline.net/images/wsymbols01_png_64/wsymbol_0025_light_rain_showers_night.png,Patchy rain possible,0.4,0.0,94,10,6,1018,31,78,15,59,14,57,15,59,8,13,15,59,0
2019-06-23,23,74,15,59,19,66,0.0,10.1,4,900,15,60,6,10,47,NE,353,http://cdn.worldweatheronline.net/images/wsymbols01_png_64/wsymbol_0009_light_rain_showers.png,Light rain shower,0.3,0.0,92,7,4,1019,31,80,15,60,14,58,15,60,10,16,15,60,4
2019-06-23,23,74,15,59,19,66,0.0,10.1,4,1200,20,68,9,14,68,ENE,263,http://cdn.worldweatheronline.net/images/wsymbols01_png_64/wsymbol_0009_light_rain_showers.png,Patchy light drizzle,0.7,0.0,77,8,4,1019,31,82,22,71,16,60,20,68,12,19,20,68,5
2019-06-23,23,74,15,59,19,66,0.0,10.1,4,1500,23,74,8,13,90,E,176,http://cdn.worldweatheronline.net/images/wsymbols01_png_64/wsymbol_0009_light_rain_showers.png,Patchy rain possible,1.1,0.0,70,9,5,1019,31,77,25,77,17,63,23,74,11,17,25,77,5
2019-06-23,23,74,15,59,19,66,0.0,10.1,4,1800,22,72,5,8,90,E,176,http://cdn.worldweatheronline.net/images/wsymbols01_png_64/wsymbol_0025_light_rain_showers_night.png,Patchy rain possible,1.8,0.1,79,9,5,1019,31,76,25,76,18,65,22,72,7,12,25,76,0
2019-06-23,23,74,15,59,19,66,0.0,10.1,4,2100,19,66,5,8,75,ENE,176,http://cdn.worldweatheronline.net/images/wsymbols01_png_64/wsymbol_0025_light_rain_showers_night.png,Patchy rain possible,0.8,0.0,88,10,6,1020,31,80,20,67,17,62,19,66,9,15,19,66,0
2019-06-24,27,81,15,59,24,75,0.0,14.5,5,0,16,62,4,6,67,ENE,176,http://cdn.worldweatheronline.net/images/wsymbols01_png_64/wsymbol_0025_light_rain_showers_night.png,Patchy rain possible,0.1,0.0,92,10,6,1022,31,79,16,62,15,59,16,62,9,14,16,62,0
2019-06-24,27,81,15,59,24,75,0.0,14.5,5,300,15,60,3,5,67,ENE,176,http://cdn.worldweatheronline.net/images/wsymbols01_png_64/wsymbol_0025_light_rain_showers_night.png,Patchy rain possible,0.0,0.0,93,10,6,1022,31,35,15,60,14,58,15,60,6,10,15,60,0
2019-06-24,27,81,15,59,24,75,0.0,14.5,5,600,18,64,4,6,76,ENE,116,http://cdn.worldweatheronline.net/images/wsymbols01_png_64/wsymbol_0004_black_low_cloud.png,Partly cloudy,0.0,0.0,86,10,6,1022,31,8,18,64,15,59,18,64,6,9,18,64,0
2019-06-24,27,81,15,59,24,75,0.0,14.5,5,900,22,71,6,10,93,E,116,http://cdn.worldweatheronline.net/images/wsymbols01_png_64/wsymbol_0002_sunny_intervals.png,Partly cloudy,0.0,0.0,65,10,6,1022,31,4,23,73,15,58,22,71,8,12,22,71,6
2019-06-24,27,81,15,59,24,75,0.0,14.5,5,1200,26,78,8,12,109,ESE,116,http://cdn.worldweatheronline.net/images/wsymbols01_png_64/wsymbol_0002_sunny_intervals.png,Partly cloudy,0.0,0.0,50,10,6,1021,31,4,27,80,14,58,26,78,9,14,27,80,7
2019-06-24,27,81,15,59,24,75,0.0,14.5,5,1500,27,81,8,13,115,ESE,116,http://cdn.worldweatheronline.net/images/wsymbols01_png_64/wsymbol_0002_sunny_intervals.png,Partly cloudy,0.0,0.0,48,10,6,1021,31,5,28,82,15,59,27,81,9,15,28,82,7
2019-06-24,27,81,15,59,24,75,0.0,14.5,5,1800,25,77,7,12,110,ESE,116,http://cdn.worldweatheronline.net/images/wsymbols01_png_64/wsymbol_0004_black_low_cloud.png,Partly cloudy,0.0,0.0,62,10,6,1021,31,5,26,80,17,63,25,77,10,17,26,80,0
2019-06-24,27,81,15,59,24,75,0.0,14.5,5,2100,21,70,6,10,101,ESE,116,http://cdn.worldweatheronline.net/images/wsymbols01_png_64/wsymbol_0004_black_low_cloud.png,Partly cloudy,0.0,0.0,77,10,6,1022,31,2,22,71,17,62,21,70,12,20,21,70,0
2019-06-25,32,89,17,63,27,80,0.0,14.5,7,0,19,66,5,8,84,E,113,http://cdn.worldweatheronline.net/images/wsymbols01_png_64/wsymbol_0008_clear_sky_night.png,Clear,0.0,0.0,86,10,6,1022,31,0,19,66,17,62,19,66,9,15,19,66,0
2019-06-25,32,89,17,63,27,80,0.0,14.5,7,300,18,64,4,6,81,E,113,http://cdn.worldweatheronline.net/images/wsymbols01_png_64/wsymbol_0008_clear_sky_night.png,Clear,0.0,0.0,90,10,6,1022,31,0,18,64,16,61,18,64,8,13,18,64,0
2019-06-25,32,89,17,63,27,80,0.0,14.5,7,600,20,67,4,7,101,ESE,113,http://cdn.worldweatheronline.net/images/wsymbols01_png_64/wsymbol_0008_clear_sky_night.png,Clear,0.0,0.0,79,10,6,1021,31,0,20,67,16,60,20,67,6,10,20,67,0
2019-06-25,32,89,17,63,27,80,0.0,14.5,7,900,24,75,7,11,116,ESE,113,http://cdn.worldweatheronline.net/images/wsymbols01_png_64/wsymbol_0001_sunny.png,Sunny,0.0,0.0,62,10,6,1021,31,0,25,76,16,61,24,75,8,12,25,76,6
2019-06-25,32,89,17,63,27,80,0.0,14.5,7,1200,28,82,7,12,127,SE,113,http://cdn.worldweatheronline.net/images/wsymbols01_png_64/wsymbol_0001_sunny.png,Sunny,0.0,0.0,51,10,6,1021,31,0,29,84,17,62,28,82,8,13,29,84,7
2019-06-25,32,89,17,63,27,80,0.0,14.5,7,1500,31,88,5,8,144,SE,113,http://cdn.worldweatheronline.net/images/wsymbols01_png_64/wsymbol_0001_sunny.png,Sunny,0.0,0.0,45,10,6,1021,31,0,32,90,18,64,31,88,6,10,32,90,8
2019-06-25,32,89,17,63,27,80,0.0,14.5,7,1800,31,87,3,5,147,SSE,113,http://cdn.worldweatheronline.net/images/wsymbols01_png_64/wsymbol_0008_clear_sky_night.png,Clear,0.0,0.0,56,10,6,1021,31,0,33,92,21,69,31,87,4,6,33,92,0
2019-06-25,32,89,17,63,27,80,0.0,14.5,7,2100,29,83,2,3,117,ESE,113,http://cdn.worldweatheronline.net/images/wsymbols01_png_64/wsymbol_0008_clear_sky_night.png,Clear,0.0,0.0,72,10,6,1022,31,1,32,89,21,69,29,83,3,5,32,89,0
2019-06-26,35,94,19,67,30,87,0.0,14.5,8,0,24,75,1,2,87,E,116,http://cdn.worldweatheronline.net/images/wsymbols01_png_64/wsymbol_0004_black_low_cloud.png,Partly cloudy,0.0,0.0,82,10,6,1023,31,2,27,80,20,67,24,75,2,4,27,80,0
2019-06-26,35,94,19,67,30,87,0.0,14.5,8,300,20,69,2,3,117,ESE,116,http://cdn.worldweatheronline.net/images/wsymbols01_png_64/wsymbol_0004_black_low_cloud.png,Partly cloudy,0.0,0.0,87,10,6,1023,31,4,21,70,18,64,20,69,4,6,20,69,0
2019-06-26,35,94,19,67,30,87,0.0,14.5,8,600,22,72,3,4,147,SSE,116,http://cdn.worldweatheronline.net/images/wsymbols01_png_64/wsymbol_0004_black_low_cloud.png,Partly cloudy,0.0,0.0,81,10,6,1023,31,5,23,74,19,65,22,72,4,6,23,74,0
2019-06-26,35,94,19,67,30,87,0.0,14.5,8,900,27,81,3,5,153,SSE,116,http://cdn.worldweatheronline.net/images/wsymbols01_png_64/wsymbol_0002_sunny_intervals.png,Partly cloudy,0.0,0.0,64,10,6,1023,31,4,30,85,20,68,27,81,4,6,30,85,7
2019-06-26,35,94,19,67,30,87,0.0,14.5,8,1200,33,91,3,4,172,S,116,http://cdn.worldweatheronline.net/images/wsymbols01_png_64/wsymbol_0002_sunny_intervals.png,Partly cloudy,0.0,0.0,47,10,6,1023,31,4,36,96,20,67,33,91,3,5,36,96,8
2019-06-26,35,94,19,67,30,87,0.0,14.5,8,1500,34,94,4,6,209,SSW,116,http://cdn.worldweatheronline.net/images/wsymbols01_png_64/wsymbol_0002_sunny_intervals.png,Partly cloudy,0.0,0.0,41,10,6,1022,31,6,37,98,19,66,34,94,4,7,37,98,8
2019-06-26,35,94,19,67,30,87,0.0,14.5,8,1800,31,88,4,7,241,WSW,116,http://cdn.worldweatheronline.net/images/wsymbols01_png_64/wsymbol_0004_black_low_cloud.png,Partly cloudy,0.0,0.0,55,10,6,1022,31,5,35,94,21,70,31,88,7,11,35,94,0
2019-06-26,35,94,19,67,30,87,0.0,14.5,8,2100,28,82,3,5,278,W,116,http://cdn.worldweatheronline.net/images/wsymbols01_png_64/wsymbol_0004_black_low_cloud.png,Partly cloudy,0.0,0.0,71,10,6,1023,31,1,30,87,22,71,28,82,6,9,30,87,0
2019-06-27,31,87,22,71,28,82,0.0,12.7,7,0,24,76,3,5,322,NW,113,http://cdn.worldweatheronline.net/images/wsymbols01_png_64/wsymbol_0008_clear_sky_night.png,Clear,0.0,0.0,81,10,6,1023,31,0,26,80,21,69,24,76,7,11,26,80,0
2019-06-27,31,87,22,71,28,82,0.0,12.7,7,300,22,72,4,6,343,NNW,113,http://cdn.worldweatheronline.net/images/wsymbols01_png_64/wsymbol_0008_clear_sky_night.png,Clear,0.0,0.0,90,10,6,1023,31,0,25,76,20,69,22,72,8,13,25,76,0
2019-06-27,31,87,22,71,28,82,0.0,12.7,7,600,23,73,6,9,354,N,113,http://cdn.worldweatheronline.net/images/wsymbols01_png_64/wsymbol_0008_clear_sky_night.png,Clear,0.0,0.0,85,10,6,1023,31,16,25,77,20,69,23,73,9,14,25,77,0
2019-06-27,31,87,22,71,28,82,0.0,12.7,7,900,26,79,7,11,350,N,116,http://cdn.worldweatheronline.net/images/wsymbols01_png_64/wsymbol_0002_sunny_intervals.png,Partly cloudy,0.2,0.0,69,9,5,1023,31,63,28,82,20,67,26,79,9,14,28,82,7
2019-06-27,31,87,22,71,28,82,0.0,12.7,7,1200,30,85,8,13,342,NNW,176,http://cdn.worldweatheronline.net/images/wsymbols01_png_64/wsymbol_0009_light_rain_showers.png,Patchy rain possible,0.6,0.0,49,9,5,1023,31,78,31,87,18,64,30,85,10,15,31,87,6
2019-06-27,31,87,22,71,28,82,0.0,12.7,7,1500,30,86,9,14,342,NNW,176,http://cdn.worldweatheronline.net/images/wsymbols01_png_64/wsymbol_0009_light_rain_showers.png,Patchy rain possible,0.2,0.0,42,10,6,1022,31,30,30,87,16,60,30,86,11,17,30,87,7
2019-06-27,31,87,22,71,28,82,0.0,12.7,7,1800,27,80,8,13,118,ESE,116,http://cdn.worldweatheronline.net/images/wsymbols01_png_64/wsymbol_0004_black_low_cloud.png,Partly cloudy,0.0,0.0,47,10,6,1022,31,2,29,84,14,57,27,80,12,20,29,84,0
2019-06-27,31,87,22,71,28,82,0.0,12.7,7,2100,24,76,6,10,8,N,113,http://cdn.worldweatheronline.net/images/wsymbols01_png_64/wsymbol_0008_clear_sky_night.png,Clear,0.0,0.0,59,10,6,1023,31,0,27,81,12,53,24,76,12,19,27,81,0
2019-06-28,28,83,15,58,25,76,0.0,14.5,6,0,18,64,5,9,242,WSW,113,http://cdn.worldweatheronline.net/images/wsymbols01_png_64/wsymbol_0008_clear_sky_night.png,Clear,0.0,0.0,72,10,6,1025,31,0,19,66,11,52,18,64,11,18,18,64,0
2019-06-28,28,83,15,58,25,76,0.0,14.5,6,300,15,58,5,8,125,SE,113,http://cdn.worldweatheronline.net/images/wsymbols01_png_64/wsymbol_0008_clear_sky_night.png,Clear,0.0,0.0,83,10,6,1025,31,2,15,58,12,53,15,58,11,17,15,58,0
2019-06-28,28,83,15,58,25,76,0.0,14.5,6,600,17,62,5,9,30,NNE,116,http://cdn.worldweatheronline.net/images/wsymbols01_png_64/wsymbol_0004_black_low_cloud.png,Partly cloudy,0.0,0.0,79,10,6,1024,31,3,17,62,13,55,17,62,8,13,17,62,0
2019-06-28,28,83,15,58,25,76,0.0,14.5,6,900,23,73,3,5,29,NNE,116,http://cdn.worldweatheronline.net/images/wsymbols01_png_64/wsymbol_0002_sunny_intervals.png,Partly cloudy,0.0,0.0,58,10,6,1023,31,1,23,74,14,56,23,73,4,7,23,74,6
2019-06-28,28,83,15,58,25,76,0.0,14.5,6,1200,27,80,4,6,241,WSW,113,http://cdn.worldweatheronline.net/images/wsymbols01_png_64/wsymbol_0001_sunny.png,Sunny,0.0,0.0,40,10,6,1022,31,2,27,80,12,53,27,80,4,7,27,80,7
2019-06-28,28,83,15,58,25,76,0.0,14.5,6,1500,28,82,5,8,355,N,116,http://cdn.worldweatheronline.net/images/wsymbols01_png_64/wsymbol_0002_sunny_intervals.png,Partly cloudy,0.0,0.0,33,10,6,1022,31,4,27,81,10,50,28,82,6,10,27,81,7
2019-06-28,28,83,15,58,25,76,0.0,14.5,6,1800,25,78,5,9,137,SE,116,http://cdn.worldweatheronline.net/images/wsymbols01_png_64/wsymbol_0004_black_low_cloud.png,Partly cloudy,0.0,0.0,46,10,6,1022,31,1,26,79,13,55,25,78,8,13,26,79,0
2019-06-28,28,83,15,58,25,76,0.0,14.5,6,2100,23,73,6,10,31,NNE,113,http://cdn.worldweatheronline.net/images/wsymbols01_png_64/wsymbol_0008_clear_sky_night.png,Clear,0.0,0.0,66,10,6,1023,31,0,24,76,13,55,23,73,12,19,24,76,0
2019-06-29,29,84,15,59,25,77,0.0,14.5,6,0,18,65,4,7,51,NE,113,http://cdn.worldweatheronline.net/images/wsymbols01_png_64/wsymbol_0008_clear_sky_night.png,Clear,0.0,0.0,77,10,6,1023,31,0,19,66,13,55,18,65,9,14,18,65,0
2019-06-29,29,84,15,59,25,77,0.0,14.5,6,300,16,60,3,5,74,ENE,113,http://cdn.worldweatheronline.net/images/wsymbols01_png_64/wsymbol_0008_clear_sky_night.png,Clear,0.0,0.0,84,10,6,1023,31,2,16,60,13,55,16,60,6,9,16,60,0
2019-06-29,29,84,15,59,25,77,0.0,14.5,6,600,18,64,4,6,87,E,116,http://cdn.worldweatheronline.net/images/wsymbols01_png_64/wsymbol_0004_black_low_cloud.png,Partly cloudy,0.0,0.0,73,10,6,1022,31,1,18,64,13,55,18,64,5,8,18,64,0
2019-06-29,29,84,15,59,25,77,0.0,14.5,6,900,22,71,6,9,114,ESE,113,http://cdn.worldweatheronline.net/images/wsymbols01_png_64/wsymbol_0001_sunny.png,Sunny,0.0,0.0,57,10,6,1021,31,0,23,73,13,55,22,71,6,10,22,71,6
2019-06-29,29,84,15,59,25,77,0.0,14.5,6,1200,27,80,6,9,122,ESE,113,http://cdn.worldweatheronline.net/images/wsymbols01_png_64/wsymbol_0001_sunny.png,Sunny,0.0,0.0,43,10,6,1020,31,0,27,80,13,55,27,80,6,10,27,80,7
2019-06-29,29,84,15,59,25,77,0.0,14.5,6,1500,29,84,6,9,108,ESE,113,http://cdn.worldweatheronline.net/images/wsymbols01_png_64/wsymbol_0001_sunny.png,Sunny,0.0,0.0,38,10,6,1019,31,0,29,83,13,56,29,84,6,10,29,83,7
2019-06-29,29,84,15,59,25,77,0.0,14.5,6,1800,27,80,5,8,78,ENE,113,http://cdn.worldweatheronline.net/images/wsymbols01_png_64/wsymbol_0008_clear_sky_night.png,Clear,0.0,0.0,52,10,6,1018,31,0,27,81,16,60,27,80,7,12,27,81,0
2019-06-29,29,84,15,59,25,77,0.0,14.5,6,2100,24,75,4,7,117,ESE,113,http://cdn.worldweatheronline.net/images/wsymbols01_png_64/wsymbol_0008_clear_sky_night.png,Clear,0.0,0.0,70,10,6,1019,31,0,27,80,16,60,24,75,8,13,27,80,0
2019-06-30,33,91,17,63,27,81,0.0,14.5,7,0,20,68,3,5,119,ESE,113,http://cdn.worldweatheronline.net/images/wsymbols01_png_64/wsymbol_0008_clear_sky_night.png,Clear,0.0,0.0,83,10,6,1019,31,0,21,70,16,60,20,68,6,10,20,68,0
2019-06-30,33,91,17,63,27,81,0.0,14.5,7,300,17,63,3,4,121,ESE,113,http://cdn.worldweatheronline.net/images/wsymbols01_png_64/wsymbol_0008_clear_sky_night.png,Clear,0.0,0.0,88,10,6,1018,31,0,17,63,15,60,17,63,5,8,17,63,0
2019-06-30,33,91,17,63,27,81,0.0,14.5,7,600,18,65,5,9,137,SE,113,http://cdn.worldweatheronline.net/images/wsymbols01_png_64/wsymbol_0008_clear_sky_night.png,Clear,0.0,0.0,77,10,6,1018,31,0,18,65,14,57,18,65,8,12,18,65,0
2019-06-30,33,91,17,63,27,81,0.0,14.5,7,900,23,74,6,10,165,SSE,113,http://cdn.worldweatheronline.net/images/wsymbols01_png_64/wsymbol_0001_sunny.png,Sunny,0.0,0.0,62,10,6,1017,31,0,24,75,16,60,23,74,7,12,24,75,6
2019-06-30,33,91,17,63,27,81,0.0,14.5,7,1200,30,86,6,10,213,SSW,113,http://cdn.worldweatheronline.net/images/wsymbols01_png_64/wsymbol_0001_sunny.png,Sunny,0.0,0.0,43,10,6,1016,30,0,30,86,15,60,30,86,7,11,30,86,7
2019-06-30,33,91,17,63,27,81,0.0,14.5,7,1500,33,91,7,11,248,WSW,113,http://cdn.worldweatheronline.net/images/wsymbols01_png_64/wsymbol_0001_sunny.png,Sunny,0.0,0.0,37,10,6,1016,30,3,33,92,16,61,33,91,8,13,33,92,8
2019-06-30,33,91,17,63,27,81,0.0,14.5,7,1800,30,85,6,9,267,W,116,http://cdn.worldweatheronline.net/images/wsymbols01_png_64/wsymbol_0004_black_low_cloud.png,Partly cloudy,0.0,0.0,51,10,6,1015,30,5,31,88,18,64,30,85,9,14,31,88,0
2019-06-30,33,91,17,63,27,81,0.0,14.5,7,2100,26,78,3,5,256,WSW,116,http://cdn.worldweatheronline.net/images/wsymbols01_png_64/wsymbol_0004_black_low_cloud.png,Partly cloudy,0.0,0.0,67,10,6,1016,30,2,27,81,19,66,26,78,6,10,27,81,0
